<?xml version="1.0" encoding="utf-8"?>
<resources>
    <color name="purple_200">#FFBB86FC</color>
    <color name="purple_500">#FF6200EE</color>
    <color name="purple_700">#FF3700B3</color>
    <color name="teal_200">#FF03DAC5</color>
    <color name="teal_700">#FF018786</color>
    <color name="black">#FF000000</color>
    <color name="white">#FFFFFFFF</color>
    <color name="btn_survey">#569AFF</color>
    <color name="btn_gra">#ADDBFF</color>
    <color name="main_background">#79EDEDED</color>
    <color name="loading_background">#E4F4FB</color>
    <color name="단위">#807F7F</color>
    <color name="투명">#00FF0000</color>
</resources>